name,DBH(1-3),DBH(3-10),DBH(>10),All,Basal_area,ivi
大葉桃花心木,1,0,15,16,106.1649111,173.0022744
山棕,0,1,0,1,0.38465,13.32998696
瑪瑙珠,2,0,0,2,0.007850049063,21.18957017
九節木,1,0,0,1,7.85E-07,8.210181354
變葉木,2,0,0,2,2.28E-05,16.42038243
小毛蕨,0,0,1,1,0.8654625,9.015459174
鐵線蓮,1,0,0,1,0.0490625,8.255831335
菝<U+845C>,1,0,0,1,4.91E-08,8.21018067
姑婆芋,1,0,0,1,8.25E-05,12.97216212
海金沙,1,0,0,1,0.001589625,12.97356447
台灣山桂花,1,0,0,1,4.91E-06,8.210185189
合果芋,1,0,0,1,4.42E-05,8.21022171
